"Org.Code","Org.Name","Region","MFF","Peer.Group","SHA.Cluster","Org.Type","Total.Exp","RCI","All.Trusts","Own.RCI","Nat.Avg","Peers","Unadj.RCI","MFFd.RCI","Unadj.TotalExp","MFFd.TotalExp","Required","City","Latitude","Longitude"
"RT2","PENNINE CARE NHS FOUNDATION TRUST","North",1.051320001,"MENTAL HEALTH","North SHA Cluster","Mental health",233.8836833,80.25240245,80.25240245,NA,100,NA,77.89684539,80.25240245,245886594.2,233883683.3,"Yes","Ashton-under-Lyne",53.48497772,-2.10091424
"RXX","SURREY AND BORDERS PARTNERSHIP NHS FOUNDATION TRUST","South",1.171362103,"MENTAL HEALTH","South SHA Cluster","Mental health",85.06634548,82.90725469,82.90725469,NA,100,NA,89.77767701,82.90725469,99643493.33,85066345.48,"Yes","Leatherhead",51.29669952,-0.336163044
"RGR","WEST SUFFOLK NHS FOUNDATION TRUST","Midlands and East",1.043771894,"SMALL - SINGLE SITE","Midlands and East SHA Cluster","Acute",168.8767188,85.42648061,85.42648061,NA,100,NA,82.54086894,85.42648061,176268772.7,168876718.8,"Yes","Bury St Edmunds",52.23137665,0.709026396
"REN","THE CLATTERBRIDGE CANCER CENTRE NHS FOUNDATION TRUST","North",1.039400858,"CANCER","North SHA Cluster","Acute - specialist other",78.15757859,85.51162972,85.51162972,NA,100,NA,82.18493853,85.51162972,81237054.26,78157578.59,"Yes","Wirral",53.33139038,-3.027029276
"RTP","SURREY AND SUSSEX HEALTHCARE NHS TRUST","South",1.164692737,"SMALL - SINGLE SITE","South SHA Cluster","Acute",205.0421713,85.71893801,85.71893801,NA,100,NA,91.81868637,85.71893801,238811127.8,205042171.3,"Yes","Redhill",51.21854782,-0.161419392
"RD1","ROYAL UNITED HOSPITALS BATH NHS FOUNDATION TRUST","South",1.08072005,"MEDIUM - SINGLE SITE","South SHA Cluster","Acute",229.8795157,85.73486856,85.73486856,NA,100,NA,85.31810135,85.73486856,248435401.6,229879515.7,"Yes","Bath",51.39148712,-2.392294407
"RW4","MERSEY CARE NHS TRUST","North",1.038589048,"MENTAL HEALTH","North SHA Cluster","Mental health",151.4536485,86.05364413,86.05364413,NA,100,NA,82.40153265,86.05364413,157298100.6,151453648.5,"Yes","Liverpool",53.40712357,-3.000271559
"RPG","OXLEAS NHS FOUNDATION TRUST","London",1.177673063,"MENTAL HEALTH","London SHA Cluster","Mental health",155.9214817,86.49034648,86.49034648,NA,100,NA,94.01160402,86.49034648,183624528.9,155921481.7,"Yes","Dartford",51.43305206,0.1780819
"RY7","WIRRAL COMMUNITY NHS TRUST","North",1.039936307,"COMMUNITY","North SHA Cluster","Community",54.83179713,86.53929232,86.53929232,NA,100,NA,83.60892307,86.53929232,57021576.64,54831797.13,"Yes","Birkenhead",53.39080811,-3.016429901
"RY4","HERTFORDSHIRE COMMUNITY NHS TRUST","Midlands and East",1.134921329,"COMMUNITY","Midlands and East SHA Cluster","Community",115.944376,88.00058453,88.00058453,NA,100,NA,92.13932503,88.00058453,131587745.3,115944376,"Yes","Welwyn Garden City",51.80176926,-0.194353193
"RAX","KINGSTON HOSPITAL NHS FOUNDATION TRUST","London",1.2075168,"SMALL - SINGLE SITE","London SHA Cluster","Acute",166.1871453,88.36130295,88.36130295,NA,100,NA,98.08007616,88.36130295,200673770,166187145.3,"Yes","Kingston Upon Thames",51.41375732,-0.284461528
"RTE","GLOUCESTERSHIRE HOSPITALS NHS FOUNDATION TRUST","South",1.057095512,"LARGE","South SHA Cluster","Acute",381.9813071,88.40536192,88.40536192,NA,100,NA,86.40875418,88.40536192,403790725.3,381981307.1,"Yes","Cheltenham",51.8902359,-2.071138859
"RDZ","THE ROYAL BOURNEMOUTH AND CHRISTCHURCH HOSPITALS NHS FOUNDATION TRUST","South",1.064682482,"MEDIUM - MULTI SITE","South SHA Cluster","Acute",234.0390197,88.78466415,88.78466415,NA,100,NA,87.21026789,88.78466415,249177244.4,234039019.7,"Yes","Bournemouth",50.74726868,-1.821342707
"RC9","LUTON AND DUNSTABLE UNIVERSITY HOSPITAL NHS FOUNDATION TRUST","Midlands and East",1.120264486,"MEDIUM - SINGLE SITE","Midlands and East SHA Cluster","Acute",215.0741953,89.02158253,89.02158253,NA,100,NA,91.85292217,89.02158253,240939982.9,215074195.3,"Yes","Luton",51.89387131,-0.47551468
"RXW","SHREWSBURY AND TELFORD HOSPITAL NHS TRUST","Midlands and East",1.026249966,"MEDIUM - MULTI SITE","Midlands and East SHA Cluster","Acute",272.7129387,89.09631751,89.09631751,NA,100,NA,84.4409062,89.09631751,279871644.2,272712938.7,"Yes","Shrewsbury",52.70930099,-2.794772387
"RX6","NORTH EAST AMBULANCE SERVICE NHS FOUNDATION TRUST","North",1.03002402,"AMBULANCE","North SHA Cluster","Ambulance",73.90568927,89.23091536,89.23091536,NA,100,NA,85.11489086,89.23091536,76124635.14,73905689.27,"Yes","Newcastle Upon Tyne",54.96938705,-1.714101672
"RQX","HOMERTON UNIVERSITY HOSPITAL NHS FOUNDATION TRUST","London",1.205154778,"SMALL - SINGLE SITE","London SHA Cluster","Acute",203.3272024,89.7286408,89.7286408,NA,100,NA,98.57291571,89.7286408,245040749.5,203327202.4,"Yes","London",51.5503273,-0.047107171
"RYX","CENTRAL LONDON COMMUNITY HEALTHCARE NHS TRUST","London",1.231256848,"COMMUNITY","London SHA Cluster","Community",120.3276756,89.97674829,89.97674829,NA,100,NA,100.6318188,89.97674829,148154274.6,120327675.6,"Yes","London",51.4969635,-0.138712361
"RQM","CHELSEA AND WESTMINSTER HOSPITAL NHS FOUNDATION TRUST","London",1.293914123,"TEACHING","London SHA Cluster","Acute",382.0114997,90.23784725,90.23784725,NA,100,NA,105.3303199,90.23784725,494290074.6,382011499.7,"Yes","London",51.48415756,-0.182442188
"RYR","WESTERN SUSSEX HOSPITALS NHS FOUNDATION TRUST","South",1.080907889,"MEDIUM - MULTI SITE","South SHA Cluster","Acute",330.0696711,90.30136006,90.30136006,NA,100,NA,89.94997981,90.30136006,356774911.3,330069671.1,"Yes","Worthing",50.81598282,-0.36466074
"RYV","CAMBRIDGESHIRE COMMUNITY SERVICES NHS TRUST","Midlands and East",1.092744987,"COMMUNITY","Midlands and East SHA Cluster","Community",69.10580388,90.35607689,90.35607689,NA,100,NA,90.73733867,90.35607689,75515020.76,69105803.88,"Yes","St. Ives",52.3221817,-0.067591153
"RWN","SOUTH ESSEX PARTNERSHIP UNIVERSITY NHS FOUNDATION TRUST","Midlands and East",1.109899873,"MENTAL HEALTH","Midlands and East SHA Cluster","Mental health",182.6203149,90.45294138,90.45294138,NA,100,NA,92.79313501,90.45294138,202690264.3,182620314.9,"Yes","Wickford",51.63440323,0.540332973
"RNA","THE DUDLEY GROUP NHS FOUNDATION TRUST","Midlands and East",1.035649475,"MEDIUM - SINGLE SITE","Midlands and East SHA Cluster","Acute",284.2951673,90.69557176,90.69557176,NA,100,NA,86.76311711,90.69557176,294430140.8,284295167.3,"Yes","Dudley",52.50154495,-2.11779213
"RMC","BOLTON NHS FOUNDATION TRUST","North",1.048016625,"SMALL - SINGLE SITE","North SHA Cluster","Acute",244.7429237,90.73481141,90.73481141,NA,100,NA,87.86414322,90.73481141,256494652.8,244742923.7,"Yes","Bolton",53.55435181,-2.431648731
"RYK","DUDLEY AND WALSALL MENTAL HEALTH PARTNERSHIP NHS TRUST","Midlands and East",1.03688986,"MENTAL HEALTH","Midlands and East SHA Cluster","Mental health",56.524887,90.93275399,90.93275399,NA,100,NA,87.08393996,90.93275399,58610082.19,56524887,"Yes","Dudley",52.50786591,-2.085395575
"RY3","NORFOLK COMMUNITY HEALTH AND CARE NHS TRUST","Midlands and East",1.019286967,"COMMUNITY","Midlands and East SHA Cluster","Community",84.50690887,90.96790624,90.96790624,NA,100,NA,86.52287708,90.96790624,86136790.86,84506908.87,"Yes","Norwich",52.62197113,1.29905498
"RM1","NORFOLK AND NORWICH UNIVERSITY HOSPITALS NHS FOUNDATION TRUST","Midlands and East",1.015264621,"TEACHING","Midlands and East SHA Cluster","Acute",431.8146068,91.02936599,91.02936599,NA,100,NA,85.42092451,91.02936599,438406093.1,431814606.8,"Yes","Norwich",52.61783981,1.220428228
"RNZ","SALISBURY NHS FOUNDATION TRUST","South",1.070334926,"MEDIUM - SINGLE SITE","South SHA Cluster","Acute",160.6729897,91.14020842,91.14020842,NA,100,NA,89.89587264,91.14020842,171973912.5,160672989.7,"Yes","Salisbury",51.04306793,-1.790254712
"RTK","ASHFORD AND ST PETER'S HOSPITALS NHS FOUNDATION TRUST","South",1.169996492,"MEDIUM - MULTI SITE","South SHA Cluster","Acute",202.9606739,91.24645168,91.24645168,NA,100,NA,98.24070143,91.24645168,237463276.4,202960673.9,"Yes","Chertsey",51.37659454,-0.527243853
"REF","ROYAL CORNWALL HOSPITALS NHS TRUST","South",1.003188946,"MEDIUM - MULTI SITE","South SHA Cluster","Acute",303.5941614,91.45616852,91.45616852,NA,100,NA,84.83606089,91.45616852,304562306.7,303594161.4,"Yes","Truro",50.26649475,-5.09257555
"RX7","NORTH WEST AMBULANCE SERVICE NHS TRUST","North",1.046667206,"AMBULANCE","North SHA Cluster","Ambulance",207.9242455,91.49979274,91.49979274,NA,100,NA,88.68983621,91.49979274,217627489.2,207924245.5,"Yes","Bolton",53.57844543,-2.477203846
"RRE","SOUTH STAFFORDSHIRE AND SHROPSHIRE HEALTHCARE NHS FOUNDATION TRUST","Midlands and East",1.031502982,"MENTAL HEALTH","Midlands and East SHA Cluster","Mental health",125.364749,91.52490981,91.52490981,NA,100,NA,87.34719437,91.52490981,129314112.5,125364749,"Yes","Stafford",52.80989838,-2.109724522
"RTG","DERBY TEACHING HOSPITALS NHS FOUNDATION TRUST","Midlands and East",1.040009716,"TEACHING","Midlands and East SHA Cluster","Acute",432.0019376,91.67927243,91.67927243,NA,100,NA,88.06114498,91.67927243,449286212.3,432001937.6,"Yes","Derby",52.91143417,-1.513693929
"RAP","NORTH MIDDLESEX UNIVERSITY HOSPITAL NHS TRUST","London",1.201214477,"SMALL - SINGLE SITE","London SHA Cluster","Acute",195.9516888,91.70939448,91.70939448,NA,100,NA,100.8673259,91.70939448,235380005.3,195951688.8,"Yes","London",51.61283112,-0.074757293
"RD3","POOLE HOSPITAL NHS FOUNDATION TRUST","South",1.066631042,"SMALL - SINGLE SITE","South SHA Cluster","Acute",181.7937951,92.12261487,92.12261487,NA,100,NA,90.72356203,92.12261487,193906905.2,181793795.1,"Yes","Poole",50.72132492,-1.974434972
"RXY","KENT AND MEDWAY NHS AND SOCIAL CARE PARTNERSHIP TRUST","South",1.097394543,"MENTAL HEALTH","South SHA Cluster","Mental health",140.8433481,92.16463321,92.16463321,NA,100,NA,93.29840707,92.16463321,154560721.6,140843348.1,"Yes","Maidstone",51.27313232,0.48593846
"RTF","NORTHUMBRIA HEALTHCARE NHS FOUNDATION TRUST","North",1.030008906,"MEDIUM - MULTI SITE","North SHA Cluster","Acute",352.8888399,92.18596226,92.18596226,NA,100,NA,87.98265683,92.18596226,363478648,352888839.9,"Yes","North Shields",55.02516937,-1.466559052
"RNS","NORTHAMPTON GENERAL HOSPITAL NHS TRUST","Midlands and East",1.061130813,"MEDIUM - SINGLE SITE","Midlands and East SHA Cluster","Acute",252.3310618,92.26708094,92.26708094,NA,100,NA,90.23689738,92.26708094,267756264.7,252331061.8,"Yes","Northampton",52.23654556,-0.887024283
"RBD","DORSET COUNTY HOSPITAL NHS FOUNDATION TRUST","South",1.047367824,"SMALL - SINGLE SITE","South SHA Cluster","Acute",140.9604321,92.50737241,92.50737241,NA,100,NA,89.39429514,92.50737241,147637421.1,140960432.1,"Yes","Dorchester",50.71327591,-2.447506428
"RAJ","SOUTHEND UNIVERSITY HOSPITAL NHS FOUNDATION TRUST","Midlands and East",1.078192859,"MEDIUM - SINGLE SITE","Midlands and East SHA Cluster","Acute",247.0219085,92.53857277,92.53857277,NA,100,NA,91.95289105,92.53857277,266337257.8,247021908.5,"Yes","Westcliff On Sea",51.5537529,0.688756704
"RYA","WEST MIDLANDS AMBULANCE SERVICE NHS FOUNDATION TRUST","Midlands and East",1.04027852,"AMBULANCE","Midlands and East SHA Cluster","Ambulance",173.4972877,92.55060682,92.55060682,NA,100,NA,89.19323943,92.55060682,180485501.7,173497287.7,"Yes","Brierley Hill",52.48536301,-2.119221449
"RXA","CHESHIRE AND WIRRAL PARTNERSHIP NHS FOUNDATION TRUST","North",1.042513157,"MENTAL HEALTH","North SHA Cluster","Mental health",123.7754291,92.56831584,92.56831584,NA,100,NA,89.15722207,92.56831584,129037513.3,123775429.1,"Yes","Chester",53.21106339,-2.89986372
"RN3","GREAT WESTERN HOSPITALS NHS FOUNDATION TRUST","South",1.095195531,"MEDIUM - SINGLE SITE","South SHA Cluster","Acute",258.369686,92.7758434,92.7758434,NA,100,NA,93.84707538,92.7758434,282965325.4,258369686,"Yes","Swindon",51.53749084,-1.728878975
"RTD","THE NEWCASTLE UPON TYNE HOSPITALS NHS FOUNDATION TRUST","North",1.035816803,"TEACHING","North SHA Cluster","Acute",739.8036722,92.83640648,92.83640648,NA,100,NA,88.34043011,92.83640648,766301074.5,739803672.2,"Yes","Newcastle-upon-Tyne",55.00229263,-1.59349215
"RNK","TAVISTOCK AND PORTMAN NHS FOUNDATION TRUST","London",1.238269506,"MENTAL HEALTH","London SHA Cluster","Mental health",18.16053057,92.84043235,92.84043235,NA,100,NA,104.0641761,92.84043235,22487631.21,18160530.57,"Yes","London",51.54610062,-0.175648153
"RY6","LEEDS COMMUNITY HEALTHCARE NHS TRUST","North",1.050327909,"COMMUNITY","North SHA Cluster","Community",106.0968551,92.9072952,92.9072952,NA,100,NA,90.05337858,92.9072952,111436487.9,106096855.1,"Yes","Leeds",53.8141098,-1.568619013
"RGQ","IPSWICH HOSPITAL NHS TRUST","Midlands and East",1.044909724,"MEDIUM - SINGLE SITE","Midlands and East SHA Cluster","Acute",234.4755406,92.9357772,92.9357772,NA,100,NA,89.78301142,92.9357772,245005772.4,234475540.6,"Yes","Ipswich",52.05998993,1.196169376
"RBT","MID CHESHIRE HOSPITALS NHS FOUNDATION TRUST","North",1.043693088,"SMALL - SINGLE SITE","North SHA Cluster","Acute",171.922854,93.33234123,93.33234123,NA,100,NA,89.95853821,93.33234123,179434694.5,171922854,"Yes","Crewe",53.11732864,-2.476561785
"RXM","DERBYSHIRE HEALTHCARE NHS FOUNDATION TRUST","Midlands and East",1.033262624,"MENTAL HEALTH","Midlands and East SHA Cluster","Mental health",106.491293,93.36133985,93.36133985,NA,100,NA,89.11603026,93.36133985,110033472.8,106491293,"Yes","Derby",52.91592789,-1.513643622
"RT5","LEICESTERSHIRE PARTNERSHIP NHS TRUST","Midlands and East",1.0432494,"MENTAL HEALTH","Midlands and East SHA Cluster","Mental health",205.0281907,93.4928745,93.4928745,NA,100,NA,90.38730988,93.4928745,213895536.8,205028190.7,"Yes","Leicester",52.61214066,-1.195058346
"RA2","ROYAL SURREY COUNTY HOSPITAL NHS FOUNDATION TRUST","South",1.159981648,"MEDIUM - SINGLE SITE","South SHA Cluster","Acute",228.6669008,93.61752494,93.61752494,NA,100,NA,99.60310749,93.61752494,265249408.4,228666900.8,"Yes","Guildford",51.2408905,-0.607509375
"RBL","WIRRAL UNIVERSITY TEACHING HOSPITAL NHS FOUNDATION TRUST","North",1.038864329,"MEDIUM - SINGLE SITE","North SHA Cluster","Acute",265.2731349,93.6627084,93.6627084,NA,100,NA,90.04979877,93.6627084,275582797.5,265273134.9,"Yes","Wirral",53.37033081,-3.09560132
"RNU","OXFORD HEALTH NHS FOUNDATION TRUST","South",1.110637195,"MENTAL HEALTH","South SHA Cluster","Mental health",196.5594687,94.04792329,94.04792329,NA,100,NA,96.32426306,94.04792329,218306257,196559468.7,"Yes","Oxford",51.72846985,-1.210845351
"RWE","UNIVERSITY HOSPITALS OF LEICESTER NHS TRUST","Midlands and East",1.043403773,"TEACHING","Midlands and East SHA Cluster","Acute",719.3444558,94.10871562,94.10871562,NA,100,NA,90.22274865,94.10871562,750566719.2,719344455.8,"Yes","Leicester",52.62700653,-1.13569057
"RHM","UNIVERSITY HOSPITAL SOUTHAMPTON NHS FOUNDATION TRUST","South",1.087603163,"TEACHING","South SHA Cluster","Acute",513.6532211,94.25708642,94.25708642,NA,100,NA,93.67134913,94.25708642,558650868,513653221.1,"Yes","Southampton",50.93219376,-1.436423421
"RXT","BIRMINGHAM AND SOLIHULL MENTAL HEALTH NHS FOUNDATION TRUST","Midlands and East",1.045332902,"MENTAL HEALTH","Midlands and East SHA Cluster","Mental health",198.2533473,94.27479738,94.27479738,NA,100,NA,90.8584443,94.27479738,207240746.7,198253347.3,"Yes","Birmingham",52.4835968,-1.917480111
"RJF","BURTON HOSPITALS NHS FOUNDATION TRUST","Midlands and East",1.039658867,"SMALL - SINGLE SITE","Midlands and East SHA Cluster","Acute",170.0870275,94.35553001,94.35553001,NA,100,NA,90.74341722,94.35553001,176832486.3,170087027.5,"Yes","Burton-on-Trent",52.81664276,-1.65571034
"RRP","BARNET, ENFIELD AND HARINGEY MENTAL HEALTH NHS TRUST","London",1.200318463,"MENTAL HEALTH","London SHA Cluster","Mental health",145.1165193,94.42927234,94.42927234,NA,100,NA,104.2767727,94.42927234,174186037.4,145116519.3,"Yes","London",51.5798645,-0.093470789
"R1J","GLOUCESTERSHIRE CARE SERVICES NHS TRUST","South",1.061960975,"COMMUNITY","South SHA Cluster","Community",83.8229214,94.63527773,94.63527773,NA,100,NA,92.91671607,94.63527773,89016671.32,83822921.4,"Yes","Gloucester",51.8469696,-2.177042007
"RKL","WEST LONDON MENTAL HEALTH NHS TRUST","London",1.178915607,"MENTAL HEALTH","London SHA Cluster","Mental health",180.6651225,94.64875847,94.64875847,NA,100,NA,102.4886409,94.64875847,212988932.7,180665122.5,"Yes","Southall",51.50644302,-0.35158968
"RPC","QUEEN VICTORIA HOSPITAL NHS FOUNDATION TRUST","South",1.142918522,"SPECIALIST OTHER","South SHA Cluster","Acute - specialist other",50.33384371,94.9074554,94.9074554,NA,100,NA,98.77016814,94.9074554,57527482.27,50333843.71,"Yes","East Grinstead",51.13501358,-0.003217279
"RW1","SOUTHERN HEALTH NHS FOUNDATION TRUST","South",1.091063072,"MENTAL HEALTH","South SHA Cluster","Mental health",219.2793704,95.18657635,95.18657635,NA,100,NA,95.98541209,95.18657635,239247623.5,219279370.4,"Yes","Southampton",50.92990494,-1.528942466
"RL4","THE ROYAL WOLVERHAMPTON NHS TRUST","Midlands and East",1.034357272,"MEDIUM - SINGLE SITE","Midlands and East SHA Cluster","Acute",395.308052,95.26460828,95.26460828,NA,100,NA,90.95309604,95.26460828,408889758.3,395308052,"Yes","Wolverhampton",52.59775543,-2.09738183
"RX3","TEES, ESK AND WEAR VALLEYS NHS FOUNDATION TRUST","North",1.026540361,"MENTAL HEALTH","North SHA Cluster","Mental health",212.3799962,95.48765524,95.48765524,NA,100,NA,90.58019477,95.48765524,218016638,212379996.2,"Yes","Darlington",54.54307556,-1.591884136
"RN7","DARTFORD AND GRAVESHAM NHS TRUST","South",1.1577265,"SMALL - SINGLE SITE","South SHA Cluster","Acute",180.9278466,95.52122144,95.52122144,NA,100,NA,101.728507,95.52122144,209464962.6,180927846.6,"Yes","Dartford",51.43424988,0.257272154
"RYY","KENT COMMUNITY HEALTH NHS FOUNDATION TRUST","South",1.07331876,"COMMUNITY","South SHA Cluster","Community",175.03266,95.55922037,95.55922037,NA,100,NA,94.81340774,95.55922037,187865837.6,175032660,"Yes","Ashford",51.17081451,0.869572043
"RTR","SOUTH TEES HOSPITALS NHS FOUNDATION TRUST","North",1.029223005,"LARGE","North SHA Cluster","Acute",498.5762853,95.58577078,95.58577078,NA,100,NA,90.83323816,95.58577078,513146182.5,498576285.3,"Yes","Middlesbrough",54.55199814,-1.214553475
"RCF","AIREDALE NHS FOUNDATION TRUST","North",1.03046339,"SMALL - SINGLE SITE","North SHA Cluster","Acute",134.8757388,95.59434208,95.59434208,NA,100,NA,91.02305716,95.59434208,138984511.1,134875738.8,"Yes","Keighley",53.89756775,-1.963425756
"RBN","ST HELENS AND KNOWSLEY HOSPITAL SERVICES NHS TRUST","North",1.043069117,"MEDIUM - SINGLE SITE","North SHA Cluster","Acute",260.9280009,95.74148433,95.74148433,NA,100,NA,92.20861476,95.74148433,272165939.6,260928000.9,"Yes","Prescot",53.42040634,-2.786909103
"RA7","UNIVERSITY HOSPITALS BRISTOL NHS FOUNDATION TRUST","South",1.084068766,"TEACHING","South SHA Cluster","Acute",430.2693137,95.78820264,95.78820264,NA,100,NA,94.91318497,95.78820264,466441524.1,430269313.7,"Yes","Bristol",51.45898056,-2.592941046
"RDR","SUSSEX COMMUNITY NHS TRUST","South",1.070316574,"COMMUNITY","South SHA Cluster","Community",159.5064898,95.85487266,95.85487266,NA,100,NA,95.16561541,95.85487266,170722439.6,159506489.8,"Yes","Brighton",50.83018875,-0.114238091
"RCB","YORK TEACHING HOSPITAL NHS FOUNDATION TRUST","North",1.034042048,"MEDIUM - SINGLE SITE","North SHA Cluster","Acute",397.6779288,95.95138464,95.95138464,NA,100,NA,91.83094866,95.95138464,411215699.9,397677928.8,"Yes","York",53.97047806,-1.08374846
"RHU","PORTSMOUTH HOSPITALS NHS TRUST","South",1.088977411,"LARGE","South SHA Cluster","Acute",416.2499211,96.01691793,96.01691793,NA,100,NA,96.28082705,96.01691793,453286761.3,416249921.1,"Yes","Portsmouth",50.84893417,-1.072359681
"RP5","DONCASTER AND BASSETLAW HOSPITALS NHS FOUNDATION TRUST","North",1.035880496,"MEDIUM - MULTI SITE","North SHA Cluster","Acute",324.2757289,96.08185947,96.08185947,NA,100,NA,91.88891671,96.08185947,335910902.7,324275728.9,"Yes","Doncaster",53.53024673,-1.109870672
"RCD","HARROGATE AND DISTRICT NHS FOUNDATION TRUST","North",1.039340404,"SMALL - SINGLE SITE","North SHA Cluster","Acute",157.8236242,96.12508927,96.12508927,NA,100,NA,92.35775974,96.12508927,164032469.4,157823624.2,"Yes","Harrogate",53.99367523,-1.517956495
"REP","LIVERPOOL WOMEN'S NHS FOUNDATION TRUST","North",1.040450166,"WOMENS","North SHA Cluster","Acute - specialist other",88.78842918,96.31390782,96.31390782,NA,100,NA,91.86059401,96.31390782,92379935.88,88788429.18,"Yes","Liverpool",53.39756012,-2.960944414
"RXG","SOUTH WEST YORKSHIRE PARTNERSHIP NHS FOUNDATION TRUST","North",1.037135994,"MENTAL HEALTH","North SHA Cluster","Mental health",175.7494433,96.34847973,96.34847973,NA,100,NA,92.41408691,96.34847973,182276073.6,175749443.3,"Yes","Wakefield",53.6987648,-1.492552876
"RXQ","BUCKINGHAMSHIRE HEALTHCARE NHS TRUST","South",1.14417726,"MEDIUM - MULTI SITE","South SHA Cluster","Acute",293.6300649,96.41900824,96.41900824,NA,100,NA,101.4977084,96.41900824,335964843,293630064.9,"Yes","Amersham",51.66279602,-0.622086525
"RFS","CHESTERFIELD ROYAL HOSPITAL NHS FOUNDATION TRUST","Midlands and East",1.028889429,"SMALL - SINGLE SITE","Midlands and East SHA Cluster","Acute",180.6811978,96.71159716,96.71159716,NA,100,NA,91.94723796,96.71159716,185900974.4,180681197.8,"Yes","Chesterfield",53.23542786,-1.400661826
"RWK","EAST LONDON NHS FOUNDATION TRUST","London",1.217777778,"MENTAL HEALTH","London SHA Cluster","Mental health",236.7760262,96.88180597,96.88180597,NA,100,NA,108.0429253,96.88180597,288340583,236776026.2,"Yes","London",51.51568604,-0.073091269
"RH8","ROYAL DEVON AND EXETER NHS FOUNDATION TRUST","South",1.021148085,"TEACHING","South SHA Cluster","Acute",320.3586671,96.92565355,96.92565355,NA,100,NA,91.3851589,96.92565355,327133639.5,320358667.1,"Yes","Exeter",50.71608353,-3.507071257
"RJC","SOUTH WARWICKSHIRE NHS FOUNDATION TRUST","Midlands and East",1.056544949,"SMALL - MULTI SITE","Midlands and East SHA Cluster","Acute",200.9632566,97.06988762,97.06988762,NA,100,NA,94.81930632,97.06988762,212326713.7,200963256.6,"Yes","Warwick",52.28960419,-1.58357048
"RVR","EPSOM AND ST HELIER UNIVERSITY HOSPITALS NHS TRUST","London",1.192185248,"MEDIUM - MULTI SITE","London SHA Cluster","Acute",301.7510479,97.21641538,97.21641538,NA,100,NA,106.3631616,97.21641538,359743147.9,301751047.9,"Yes","Carshalton",51.37986374,-0.183702588
"RWA","HULL AND EAST YORKSHIRE HOSPITALS NHS TRUST","North",1.01552155,"TEACHING","North SHA Cluster","Acute",456.5350676,97.24960184,97.24960184,NA,100,NA,91.1262161,97.24960184,463621199.6,456535067.6,"Yes","Hull",53.74433517,-0.359305382
"RBK","WALSALL HEALTHCARE NHS TRUST","Midlands and East",1.034402612,"SMALL - SINGLE SITE","Midlands and East SHA Cluster","Acute",219.6777192,97.34065221,97.34065221,NA,100,NA,92.91859336,97.34065221,227235206.6,219677719.2,"Yes","Walsall",52.58161545,-1.999942183
"RAL","ROYAL FREE LONDON NHS FOUNDATION TRUST","London",1.213951907,"TEACHING","London SHA Cluster","Acute",607.6557683,97.4044224,97.4044224,NA,100,NA,107.770149,97.4044224,737664878.6,607655768.3,"Yes","London",51.55315781,-0.166711167
"RWW","WARRINGTON AND HALTON HOSPITALS NHS FOUNDATION TRUST","North",1.050034275,"SMALL - MULTI SITE","North SHA Cluster","Acute",195.4807903,97.44424495,97.44424495,NA,100,NA,94.39631865,97.44424495,205261530,195480790.3,"Yes","Warrington",53.39356613,-2.611975193
"RC1","BEDFORD HOSPITAL NHS TRUST","Midlands and East",1.088691334,"SMALL - SINGLE SITE","Midlands and East SHA Cluster","Acute",147.7647387,97.45164047,97.45164047,NA,100,NA,97.72712903,97.45164047,160870190.5,147764738.7,"Yes","Bedford",52.12850189,-0.471902698
"RXN","LANCASHIRE TEACHING HOSPITALS NHS FOUNDATION TRUST","North",1.035410898,"MEDIUM - MULTI SITE","North SHA Cluster","Acute",391.0522127,97.52878169,97.52878169,NA,100,NA,93.12160445,97.52878169,404899722.6,391052212.7,"Yes","Preston",53.79122162,-2.708828449
"RGP","JAMES PAGET UNIVERSITY HOSPITALS NHS FOUNDATION TRUST","Midlands and East",1.018651121,"SMALL - SINGLE SITE","Midlands and East SHA Cluster","Acute",163.2114897,97.81501639,97.81501639,NA,100,NA,92.22115985,97.81501639,166255567,163211489.7,"Yes","Great Yarmouth",52.5610199,1.716567039
"RBA","TAUNTON AND SOMERSET NHS FOUNDATION TRUST","South",1.029730386,"MEDIUM - SINGLE SITE","South SHA Cluster","Acute",222.2590058,97.82902845,97.82902845,NA,100,NA,93.06324169,97.82902845,228866851.9,222259005.8,"Yes","Taunton",51.01180649,-3.120345116
"RXK","SANDWELL AND WEST BIRMINGHAM HOSPITALS NHS TRUST","Midlands and East",1.040564597,"MEDIUM - MULTI SITE","Midlands and East SHA Cluster","Acute",362.2053071,97.86466212,97.86466212,NA,100,NA,93.96426865,97.86466212,376898019.3,362205307.1,"Yes","Birmingham",52.48899841,-1.930724382
"RY9","HOUNSLOW AND RICHMOND COMMUNITY HEALTHCARE NHS TRUST","London",1.179364694,"COMMUNITY","London SHA Cluster","Community",40.0919052,97.92390403,97.92390403,NA,100,NA,105.5637255,97.92390403,47282977.5,40091905.2,"Yes","Teddington",51.42696381,-0.327120721
"RXR","EAST LANCASHIRE HOSPITALS NHS TRUST","North",1.032498313,"MEDIUM - MULTI SITE","North SHA Cluster","Acute",402.7586276,98.30011929,98.30011929,NA,100,NA,93.81543465,98.30011929,415847603.6,402758627.6,"Yes","Blackburn",53.73578262,-2.466857433
"RVW","NORTH TEES AND HARTLEPOOL NHS FOUNDATION TRUST","North",1.024768845,"MEDIUM - MULTI SITE","North SHA Cluster","Acute",238.1834583,98.30019785,98.30019785,NA,100,NA,93.170242,98.30019785,244082987.4,238183458.3,"Yes","Hartlepool",54.70217133,-1.228725553
"RWJ","STOCKPORT NHS FOUNDATION TRUST","North",1.057301703,"MEDIUM - MULTI SITE","North SHA Cluster","Acute",254.9163165,98.31755164,98.31755164,NA,100,NA,96.07935128,98.31755164,269523455.5,254916316.5,"Yes","Stockport",53.38337708,-2.132244349
"RM2","UNIVERSITY HOSPITAL OF SOUTH MANCHESTER NHS FOUNDATION TRUST","North",1.059352819,"MEDIUM - SINGLE SITE","North SHA Cluster","Acute",335.2189298,98.34806127,98.34806127,NA,100,NA,96.02592343,98.34806127,355115118.3,335218929.8,"Yes","Manchester",53.38848114,-2.294646025
"RJR","COUNTESS OF CHESTER HOSPITAL NHS FOUNDATION TRUST","North",1.040941354,"SMALL - SINGLE SITE","North SHA Cluster","Acute",157.2057769,98.40863949,98.40863949,NA,100,NA,94.66777291,98.40863949,163641994.3,157205776.9,"Yes","Chester",53.21106339,-2.89986372
"RVV","EAST KENT HOSPITALS UNIVERSITY NHS FOUNDATION TRUST","South",1.045502388,"LARGE","South SHA Cluster","Acute",460.5086685,98.48066347,98.48066347,NA,100,NA,95.05532271,98.48066347,481462912.8,460508668.5,"Yes","Canterbury",51.26603317,1.086257458
"TAE","MANCHESTER MENTAL HEALTH AND SOCIAL CARE TRUST","North",1.056541711,"MENTAL HEALTH","North SHA Cluster","Mental health",76.7536201,98.55402713,98.55402713,NA,100,NA,96.00092862,98.55402713,81093401.07,76753620.1,"Yes","Manchester",53.4442482,-2.278471231
"RN5","HAMPSHIRE HOSPITALS NHS FOUNDATION TRUST","South",1.10960624,"SMALL - SINGLE SITE","South SHA Cluster","Acute",281.9156741,98.57772989,98.57772989,NA,100,NA,100.7078253,98.57772989,312815391.1,281915674.1,"Yes","Basingstoke",51.27996826,-1.111020565
"RLN","CITY HOSPITALS SUNDERLAND NHS FOUNDATION TRUST","North",1.026329852,"MEDIUM - MULTI SITE","North SHA Cluster","Acute",314.8050309,98.59684942,98.59684942,NA,100,NA,93.58373919,98.59684942,323093800.7,314805030.9,"Yes","Sunderland",54.90270233,-1.412037253
"RDU","FRIMLEY HEALTH NHS FOUNDATION TRUST","South",1.163646668,"MEDIUM - SINGLE SITE","South SHA Cluster","Acute",464.9142564,98.83261024,98.83261024,NA,100,NA,105.7629854,98.83261024,540995925.4,464914256.4,"Yes","Camberley",51.3188591,-0.742911875
"RHQ","SHEFFIELD TEACHING HOSPITALS NHS FOUNDATION TRUST","North",1.029421639,"TEACHING","North SHA Cluster","Acute",742.4141501,98.99189257,98.99189257,NA,100,NA,93.85046571,98.99189257,764257191.5,742414150.1,"Yes","Sheffield",53.42265701,-1.455215454
"RNQ","KETTERING GENERAL HOSPITAL NHS FOUNDATION TRUST","Midlands and East",1.05426821,"SMALL - SINGLE SITE","Midlands and East SHA Cluster","Acute",199.4361159,98.99806171,98.99806171,NA,100,NA,96.17857543,98.99806171,210259157,199436115.9,"Yes","Kettering",52.40231323,-0.741747558
"RQW","THE PRINCESS ALEXANDRA HOSPITAL NHS TRUST","Midlands and East",1.153416997,"SMALL - SINGLE SITE","Midlands and East SHA Cluster","Acute",184.9007867,99.23439173,99.23439173,NA,100,NA,105.0933588,99.23439173,213267710.1,184900786.7,"Yes","Harlow",51.77105713,0.085609064
"RXE","ROTHERHAM DONCASTER AND SOUTH HUMBER NHS FOUNDATION TRUST","North",1.034252557,"MENTAL HEALTH","North SHA Cluster","Mental health",118.5922908,99.26011919,99.26011919,NA,100,NA,95.12650764,99.26011919,122654380,118592290.8,"Yes","Doncaster",53.49456024,-1.146794915
"RXV","GREATER MANCHESTER WEST MENTAL HEALTH NHS FOUNDATION TRUST","North",1.050248023,"MENTAL HEALTH","North SHA Cluster","Mental health",127.2351318,99.28229091,99.28229091,NA,100,NA,96.19189609,99.28229091,133628445.6,127235131.8,"Yes","Manchester",53.5358963,-2.292651892
"REM","AINTREE UNIVERSITY HOSPITAL NHS FOUNDATION TRUST","North",1.038719672,"MEDIUM - MULTI SITE","North SHA Cluster","Acute",255.487585,99.3253695,99.3253695,NA,100,NA,95.39303895,99.3253695,265379980.5,255487585,"Yes","Liverpool",53.46787643,-2.93541646
"RDD","BASILDON AND THURROCK UNIVERSITY HOSPITALS NHS FOUNDATION TRUST","Midlands and East",1.122844574,"MEDIUM - SINGLE SITE","Midlands and East SHA Cluster","Acute",271.0238621,99.45178007,99.45178007,NA,100,NA,102.5310089,99.45178007,304317673,271023862.1,"Yes","Basildon",51.55719757,0.449463308
"RTH","OXFORD UNIVERSITY HOSPITALS NHS FOUNDATION TRUST","South",1.10032548,"TEACHING","South SHA Cluster","Acute",669.0889159,99.55576336,99.55576336,NA,100,NA,100.1725408,99.55576336,736215582.4,669088915.9,"Yes","Oxford",51.7635994,-1.220376253
"RRD","NORTH ESSEX PARTNERSHIP UNIVERSITY NHS FOUNDATION TRUST","Midlands and East",1.086505276,"MENTAL HEALTH","Midlands and East SHA Cluster","Mental health",91.45661816,99.65663884,99.65663884,NA,100,NA,99.99589526,99.65663884,99368098.18,91456618.16,"Yes","Chelmsford",51.72951889,0.466011792
"RXL","BLACKPOOL TEACHING HOSPITALS NHS FOUNDATION TRUST","North",1.026506896,"MEDIUM - MULTI SITE","North SHA Cluster","Acute",348.4864208,99.69084792,99.69084792,NA,100,NA,94.43573066,99.69084792,357723713.9,348486420.8,"Yes","Blackpool",53.82045746,-3.017687559
"RA9","TORBAY AND SOUTH DEVON NHS FOUNDATION TRUST","South",1.013567592,"MEDIUM - SINGLE SITE","South SHA Cluster","Acute",263.8393621,99.70271414,99.70271414,NA,100,NA,93.50255605,99.70271414,267419027.1,263839362.1,"Yes","Torquay",50.48162842,-3.554571152
"RP7","LINCOLNSHIRE PARTNERSHIP NHS FOUNDATION TRUST","Midlands and East",1.016004102,"MENTAL HEALTH","Midlands and East SHA Cluster","Mental health",72.5090585,99.74336503,99.74336503,NA,100,NA,93.77835407,99.74336503,73669500.89,72509058.5,"Yes","Sleaford",53.00854874,-0.393307179
"RX2","SUSSEX PARTNERSHIP NHS FOUNDATION TRUST","South",1.0770777,"MENTAL HEALTH","South SHA Cluster","Mental health",197.3328256,99.74563938,99.74563938,NA,100,NA,99.44741018,99.74563938,212542785.9,197332825.6,"Yes","Worthing",50.84091949,-0.412080735
"RYG","COVENTRY AND WARWICKSHIRE PARTNERSHIP NHS TRUST","Midlands and East",1.054529458,"MENTAL HEALTH","Midlands and East SHA Cluster","Mental health",136.5657056,99.79676335,99.79676335,NA,100,NA,97.09188095,99.79676335,144012559.5,136565705.6,"Yes","Coventry",52.45644379,-1.487814665
"RWY","CALDERDALE AND HUDDERSFIELD NHS FOUNDATION TRUST","North",1.038861091,"MEDIUM - MULTI SITE","North SHA Cluster","Acute",317.7742366,99.93587707,99.93587707,NA,100,NA,95.90922907,99.93587707,330123290.1,317774236.6,"Yes","Huddersfield",53.65475845,-1.816870928
"RX1","NOTTINGHAM UNIVERSITY HOSPITALS NHS TRUST","Midlands and East",1.038725069,"TEACHING","Midlands and East SHA Cluster","Acute",709.0450653,100.1277842,100.1277842,NA,100,NA,95.84449267,100.1277842,736502884.7,709045065.3,"Yes","Nottingham",52.9885788,-1.161265373
"RXF","MID YORKSHIRE HOSPITALS NHS TRUST","North",1.040601301,"MEDIUM - MULTI SITE","North SHA Cluster","Acute",438.3404955,100.2013219,100.2013219,NA,100,NA,96.19905216,100.2013219,456137689.8,438340495.5,"Yes","Wakefield",53.69246292,-1.489599943
"RFF","BARNSLEY HOSPITAL NHS FOUNDATION TRUST","North",1.032327747,"SMALL - SINGLE SITE","North SHA Cluster","Acute",160.3288033,100.2222377,100.2222377,NA,100,NA,95.59765742,100.2222377,165511872.3,160328803.3,"Yes","Barnsley",53.55768204,-1.500280142
"RKB","UNIVERSITY HOSPITALS COVENTRY AND WARWICKSHIRE NHS TRUST","Midlands and East",1.058617656,"TEACHING","Midlands and East SHA Cluster","Acute",480.1476717,100.4072499,100.4072499,NA,100,NA,97.82409449,100.4072499,508292802.7,480147671.7,"Yes","Coventry",52.42118454,-1.444109082
"RWX","BERKSHIRE HEALTHCARE NHS FOUNDATION TRUST","South",1.150402936,"MENTAL HEALTH","South SHA Cluster","Mental health",170.6753498,100.4916968,100.4916968,NA,100,NA,106.8458068,100.4916968,196345423.5,170675349.8,"Yes","Bracknell",51.41611481,-0.756064892
"RWF","MAIDSTONE AND TUNBRIDGE WELLS NHS TRUST","South",1.109508002,"MEDIUM - MULTI SITE","South SHA Cluster","Acute",332.8424877,100.579586,100.579586,NA,100,NA,102.7060655,100.579586,369291403.6,332842487.7,"Yes","Maidstone",51.27319336,0.483074129
"RWG","WEST HERTFORDSHIRE HOSPITALS NHS TRUST","Midlands and East",1.170760802,"MEDIUM - MULTI SITE","Midlands and East SHA Cluster","Acute",262.9339716,100.6293892,100.6293892,NA,100,NA,108.4526297,100.6293892,307832787.4,262933971.6,"Yes","Watford",51.64836884,-0.40571022
"RWH","EAST AND NORTH HERTFORDSHIRE NHS TRUST","Midlands and East",1.140461501,"MEDIUM - MULTI SITE","Midlands and East SHA Cluster","Acute",316.2684236,100.658349,100.658349,NA,100,NA,105.5517849,100.658349,360691961.1,316268423.6,"Yes","Stevenage",51.92436218,-0.214161173
"RR7","GATESHEAD HEALTH NHS FOUNDATION TRUST","North",1.028217958,"SMALL - SINGLE SITE","North SHA Cluster","Acute",180.8969201,100.6642145,100.6642145,NA,100,NA,95.73037185,100.6642145,186001461.8,180896920.1,"Yes","Gateshead",54.93844986,-1.581649184
"RCX","THE QUEEN ELIZABETH HOSPITAL, KING'S LYNN, NHS FOUNDATION TRUST","Midlands and East",1.025948776,"SMALL - SINGLE SITE","Midlands and East SHA Cluster","Acute",163.3984792,100.7341518,100.7341518,NA,100,NA,95.60170015,100.7341518,167638469.8,163398479.2,"Yes","Kings Lynn",52.75595474,0.446537971
"RWR","HERTFORDSHIRE PARTNERSHIP UNIVERSITY NHS FOUNDATION TRUST","Midlands and East",1.144777481,"MENTAL HEALTH","Midlands and East SHA Cluster","Mental health",102.7693588,100.734819,100.734819,NA,100,NA,106.5633733,100.734819,117648047.7,102769358.8,"Yes","St. Albans",51.76174927,-0.34665513
"RAS","THE HILLINGDON HOSPITALS NHS FOUNDATION TRUST","London",1.183045907,"SMALL - MULTI SITE","London SHA Cluster","Acute",173.8344757,100.7675958,100.7675958,NA,100,NA,109.4051381,100.7675958,205654165,173834475.7,"Yes","Uxbridge",51.52502441,-0.461916536
"RR8","LEEDS TEACHING HOSPITALS NHS TRUST","North",1.046098292,"TEACHING","North SHA Cluster","Acute",822.1981061,100.7692699,100.7692699,NA,100,NA,96.75919389,100.7692699,860100034.2,822198106.1,"Yes","Leeds",53.80673599,-1.520102382
"RJ7","ST GEORGE'S UNIVERSITY HOSPITALS NHS FOUNDATION TRUST","London",1.212453513,"TEACHING","London SHA Cluster","Acute",500.7207992,100.7934578,100.7934578,NA,100,NA,110.9996036,100.7934578,607100691.8,500720799.2,"Yes","London",51.42650986,-0.176099852
"RRF","WRIGHTINGTON, WIGAN AND LEIGH NHS FOUNDATION TRUST","North",1.041781232,"MEDIUM - MULTI SITE","North SHA Cluster","Acute",230.9816841,100.8668636,100.8668636,NA,100,NA,97.12246274,100.8668636,240632383.5,230981684.1,"Yes","Wigan",53.55706024,-2.630938292
"RLY","NORTH STAFFORDSHIRE COMBINED HEALTHCARE NHS TRUST","Midlands and East",1.023582436,"MENTAL HEALTH","Midlands and East SHA Cluster","Mental health",53.86249636,100.9362477,100.9362477,NA,100,NA,95.5116651,100.9362477,55132705.23,53862496.36,"Yes","Stoke-on-Trent",52.96804428,-2.168194294
"RP1","NORTHAMPTONSHIRE HEALTHCARE NHS FOUNDATION TRUST","Midlands and East",1.057531644,"MENTAL HEALTH","Midlands and East SHA Cluster","Mental health",141.8241191,101.0118875,101.0118875,NA,100,NA,98.70801643,101.0118875,149983493.8,141824119.1,"Yes","Kettering",52.39402008,-0.722878098
"RF4","BARKING, HAVERING AND REDBRIDGE UNIVERSITY HOSPITALS NHS TRUST","London",1.174394516,"LARGE","London SHA Cluster","Acute",411.5213246,101.0144581,101.0144581,NA,100,NA,108.8292938,101.0144581,483288386.8,411521324.6,"Yes","Romford",51.56793213,0.178751141
"RM3","SALFORD ROYAL NHS FOUNDATION TRUST","North",1.055974955,"MEDIUM - SINGLE SITE","North SHA Cluster","Acute",355.478791,101.1761607,101.1761607,NA,100,NA,98.25730387,101.1761607,375376700.2,355478791,"Yes","Salford",53.48637772,-2.323958397
"RA3","WESTON AREA HEALTH NHS TRUST","South",1.053007314,"SMALL - SINGLE SITE","South SHA Cluster","Acute",88.78124948,101.3959596,101.3959596,NA,100,NA,98.51263059,101.3959596,93487305.03,88781249.48,"Yes","Weston-Super-Mare",51.32157516,-2.971454859
"RK9","PLYMOUTH HOSPITALS NHS TRUST","South",1.015819502,"TEACHING","South SHA Cluster","Acute",389.552848,101.4194692,101.4194692,NA,100,NA,94.87694028,101.4194692,395715379.9,389552848,"Yes","Plymouth",50.41614532,-4.114068031
"RYW","BIRMINGHAM COMMUNITY HEALTHCARE NHS TRUST","Midlands and East",1.056689607,"COMMUNITY","Midlands and East SHA Cluster","Community",179.6862877,101.5732923,101.5732923,NA,100,NA,99.51967065,101.5732923,189872632.7,179686287.7,"Yes","Birmingham",52.48716736,-1.886547804
"RYD","SOUTH EAST COAST AMBULANCE SERVICE NHS FOUNDATION TRUST","South",1.094557526,"AMBULANCE","South SHA Cluster","Ambulance",152.6243399,101.7299318,101.7299318,NA,100,NA,103.1637172,101.7299318,167056119.8,152624339.9,"Yes","Lewes",50.87301254,0.013991565
"RYE","SOUTH CENTRAL AMBULANCE SERVICE NHS FOUNDATION TRUST","South",1.118298653,"AMBULANCE","South SHA Cluster","Ambulance",105.0661298,101.8850316,101.8850316,NA,100,NA,105.5590155,101.8850316,117495311.4,105066129.8,"Yes","Bicester",51.89168167,-1.149864912
"RQ6","ROYAL LIVERPOOL AND BROADGREEN UNIVERSITY HOSPITALS NHS TRUST","North",1.042243273,"TEACHING","North SHA Cluster","Acute",350.7118531,102.021534,102.021534,NA,100,NA,98.07445587,102.021534,365527069.7,350711853.1,"Yes","Liverpool",53.40920639,-2.965720177
"RDE","COLCHESTER HOSPITAL UNIVERSITY NHS FOUNDATION TRUST","Midlands and East",1.054706501,"MEDIUM - MULTI SITE","Midlands and East SHA Cluster","Acute",256.8629632,102.0311747,102.0311747,NA,100,NA,99.21105734,102.0311747,270915037.3,256862963.2,"Yes","Colchester",51.90939331,0.898987353
"TAD","BRADFORD DISTRICT CARE NHS FOUNDATION TRUST","North",1.033891993,"MENTAL HEALTH","North SHA Cluster","Mental health",107.8794461,102.3460921,102.3460921,NA,100,NA,98.11700031,102.3460921,111535695.5,107879446.1,"Yes","Shipley",53.83806992,-1.790239573
"RR1","HEART OF ENGLAND NHS FOUNDATION TRUST","Midlands and East",1.049045421,"LARGE","Midlands and East SHA Cluster","Acute",616.1678652,102.4729711,102.4729711,NA,100,NA,99.09812202,102.4729711,646388077.8,616167865.2,"Yes","Birmingham",52.47720718,-1.827680588
"RV9","HUMBER NHS FOUNDATION TRUST","North",1.018732086,"MENTAL HEALTH","North SHA Cluster","Mental health",99.49820596,102.5089641,102.5089641,NA,100,NA,96.9221951,102.5089641,101362015,99498205.96,"Yes","Hull",53.76982498,-0.450869262
"RXH","BRIGHTON AND SUSSEX UNIVERSITY HOSPITALS NHS TRUST","South",1.074390738,"TEACHING","South SHA Cluster","Acute",439.1907389,102.5513732,102.5513732,NA,100,NA,100.8915311,102.5513732,471862461.9,439190738.9,"Yes","Brighton",50.81947327,-0.118929006
"RX9","EAST MIDLANDS AMBULANCE SERVICE NHS TRUST","Midlands and East",1.040675789,"AMBULANCE","Midlands and East SHA Cluster","Ambulance",146.0576073,102.6073504,102.6073504,NA,100,NA,98.90582516,102.6073504,151998615.6,146057607.3,"Yes","Nottingham",52.98101044,-1.238862038
"RXP","COUNTY DURHAM AND DARLINGTON NHS FOUNDATION TRUST","North",1.0278412,"MEDIUM - MULTI SITE","North SHA Cluster","Acute",435.1574514,102.6313364,102.6313364,NA,100,NA,97.79487293,102.6313364,447272757.2,435157451.4,"Yes","Darlington",54.53129959,-1.565731883
"RJ2","LEWISHAM AND GREENWICH NHS TRUST","London",1.204300866,"SMALL - SINGLE SITE","London SHA Cluster","Acute",384.07107,102.8007755,102.8007755,NA,100,NA,113.47775,102.8007755,462537122.3,384071070,"Yes","London",51.45362091,-0.018132318
"RBQ","LIVERPOOL HEART AND CHEST HOSPITAL NHS FOUNDATION TRUST","North",1.041770437,"HEART","North SHA Cluster","Acute - specialist other",91.23843562,102.8149474,102.8149474,NA,100,NA,98.18919764,102.8149474,95049504.94,91238435.62,"Yes","Liverpool",53.40971375,-2.901043415
"RD8","MILTON KEYNES UNIVERSITY HOSPITAL NHS FOUNDATION TRUST","South",1.106108547,"SMALL - SINGLE SITE","South SHA Cluster","Acute",179.7032532,102.8702693,102.8702693,NA,100,NA,104.7878373,102.8702693,198771304.4,179703253.2,"Yes","Milton Keynes",52.02553558,-0.736314893
"R1A","WORCESTERSHIRE HEALTH AND CARE NHS TRUST","Midlands and East",1.036391115,"MENTAL HEALTH","Midlands and East SHA Cluster","Mental health",133.4691426,102.9010962,102.9010962,NA,100,NA,98.68710734,102.9010962,138326233.6,133469142.6,"Yes","Worcester",52.19484711,-2.213534117
"R1H","BARTS HEALTH NHS TRUST","London",1.212802202,"TEACHING","London SHA Cluster","Acute",1074.460849,102.9572332,102.9572332,NA,100,NA,112.9047858,102.9572332,1303108484,1074460849,"Yes","London",51.51464462,-0.064487629
"RY5","LINCOLNSHIRE COMMUNITY HEALTH SERVICES NHS TRUST","Midlands and East",1.01552263,"COMMUNITY","Midlands and East SHA Cluster","Community",85.52629054,102.958632,102.958632,NA,100,NA,96.81505689,102.958632,86853883.48,85526290.54,"Yes","Sleaford",53.00854874,-0.393307179
"RDY","DORSET HEALTHCARE UNIVERSITY NHS FOUNDATION TRUST","South",1.0655677,"MENTAL HEALTH","South SHA Cluster","Mental health",195.0714028,102.9815331,102.9815331,NA,100,NA,101.8262499,102.9815331,207861786.1,195071402.8,"Yes","Poole",50.73931122,-1.978676677
"RYF","SOUTH WESTERN AMBULANCE SERVICE NHS FOUNDATION TRUST","South",1.048518608,"AMBULANCE","South SHA Cluster","Ambulance",173.1425387,103.0922549,103.0922549,NA,100,NA,100.1820313,103.0922549,181543173.8,173142538.7,"Yes","Exeter",50.71930313,-3.46609211
"RHA","NOTTINGHAMSHIRE HEALTHCARE NHS FOUNDATION TRUST","Midlands and East",1.032431382,"MENTAL HEALTH","Midlands and East SHA Cluster","Mental health",333.4414011,103.1592253,103.1592253,NA,100,NA,99.09355696,103.1592253,344255366.6,333441401.1,"Yes","Nottingham",52.97934341,-1.127188563
"RJL","NORTHERN LINCOLNSHIRE AND GOOLE NHS FOUNDATION TRUST","North",1.025092705,"MEDIUM - MULTI SITE","North SHA Cluster","Acute",311.8433529,103.2072792,103.2072792,NA,100,NA,97.77103315,103.2072792,319668346.2,311843352.9,"Yes","Grimsby",53.54448318,-0.096879385
"RT1","CAMBRIDGESHIRE AND PETERBOROUGH NHS FOUNDATION TRUST","Midlands and East",1.077333549,"MENTAL HEALTH","Midlands and East SHA Cluster","Mental health",142.9825502,103.2794818,103.2794818,NA,100,NA,102.8288117,103.2794818,154039898.3,142982550.2,"Yes","Cambridge",52.18466187,0.186831623
"RV3","CENTRAL AND NORTH WEST LONDON NHS FOUNDATION TRUST","London",1.214071735,"MENTAL HEALTH","London SHA Cluster","Mental health",301.0452427,103.4928409,103.4928409,NA,100,NA,114.4251217,103.4928409,365490520.2,301045242.7,"Yes","London",51.52666473,-0.1403846
"TAJ","BLACK COUNTRY PARTNERSHIP NHS FOUNDATION TRUST","Midlands and East",1.039192508,"MENTAL HEALTH","Midlands and East SHA Cluster","Mental health",72.1465884,103.6593462,103.6593462,NA,100,NA,99.42985761,103.6593462,74974194.14,72146588.4,"Yes",NA,NA,NA
"RMP","TAMESIDE HOSPITAL NHS FOUNDATION TRUST","North",1.052317491,"SMALL - SINGLE SITE","North SHA Cluster","Acute",162.9813739,103.6716934,103.6716934,NA,100,NA,100.6966641,103.6716934,171508150.5,162981373.9,"Yes","Ashton-under-Lyne",53.4921875,-2.072293758
"RQ3","BIRMINGHAM CHILDREN'S HOSPITAL NHS FOUNDATION TRUST","Midlands and East",1.051635225,"CHILDREN","Midlands and East SHA Cluster","Acute - specialist children",183.2515316,103.821604,103.821604,NA,100,NA,98.87589556,103.821604,192713765.8,183251531.6,"Yes","Birmingham",52.484478,-1.895390034
"RYC","EAST OF ENGLAND AMBULANCE SERVICE NHS TRUST","Midlands and East",1.078589048,"AMBULANCE","Midlands and East SHA Cluster","Ambulance",174.3381403,103.8833504,103.8833504,NA,100,NA,103.8030714,103.8833504,188039208.8,174338140.3,"Yes","Cambourne",52.21977234,-0.073503949
"RHW","ROYAL BERKSHIRE NHS FOUNDATION TRUST","South",1.149759534,"MEDIUM - MULTI SITE","South SHA Cluster","Acute",298.6283216,104.1771381,104.1771381,104.1771381,100,NA,110.1357529,104.1771381,343350759.8,298628321.6,"Yes","Reading",51.45136642,-0.959466279
"RGT","CAMBRIDGE UNIVERSITY HOSPITALS NHS FOUNDATION TRUST","Midlands and East",1.088545597,"TEACHING","Midlands and East SHA Cluster","Acute",522.0011799,104.357894,104.357894,NA,100,NA,104.0648391,104.357894,568222085.9,522001179.9,"Yes","Cambridge",52.17296982,0.137995198
"RP6","MOORFIELDS EYE HOSPITAL NHS FOUNDATION TRUST","London",1.26464146,"EYE","London SHA Cluster","Acute - specialist other",121.8700298,104.541938,104.541938,NA,100,NA,119.7483239,104.541938,154121892.4,121870029.8,"Yes","London",51.52675247,-0.089923777
"RGN","PETERBOROUGH AND STAMFORD HOSPITALS NHS FOUNDATION TRUST","Midlands and East",1.060238037,"MEDIUM - MULTI SITE","Midlands and East SHA Cluster","Acute",243.4965424,104.5692369,104.5692369,NA,100,NA,102.2369539,104.5692369,258164296.2,243496542.4,"Yes","Peterborough",52.58531189,-0.28040877
"RTV","5 BOROUGHS PARTNERSHIP NHS FOUNDATION TRUST","North",1.045595228,"MENTAL HEALTH","North SHA Cluster","Mental health",122.2211888,104.6008376,104.6008376,NA,100,NA,101.1989817,104.6008376,127793891.8,122221188.8,"Yes","Warrington",53.42773819,-2.609456062
"RY1","LIVERPOOL COMMUNITY HEALTH NHS TRUST","North",1.043971608,"COMMUNITY","North SHA Cluster","Community",104.4383131,104.710794,104.710794,NA,100,NA,101.4637111,104.710794,109030633.7,104438313.1,"Yes","Liverpool",53.40766144,-2.934094667
"RMY","NORFOLK AND SUFFOLK NHS FOUNDATION TRUST","Midlands and East",1.025282703,"MENTAL HEALTH","Midlands and East SHA Cluster","Mental health",182.5815471,104.7373846,104.7373846,NA,100,NA,99.08893108,104.7373846,187197702.2,182581547.1,"Yes","Norwich",52.65929794,1.250100136
"RXC","EAST SUSSEX HEALTHCARE NHS TRUST","South",1.044089278,"MEDIUM - MULTI SITE","South SHA Cluster","Acute",338.9315987,104.861073,104.861073,NA,100,NA,101.1802807,104.861073,353874848,338931598.7,"Yes","St. Leonards-on-Sea",50.88748169,0.560614586
"R1F","ISLE OF WIGHT NHS TRUST","South",1.051072788,"SMALL - SINGLE SITE","South SHA Cluster","Acute",140.8022458,104.8751976,104.8751976,NA,100,NA,101.95301,104.8751976,147993409,140802245.8,"Yes","Newport",50.71024323,-1.301707268
"RQ8","MID ESSEX HOSPITAL SERVICES NHS TRUST","Midlands and East",1.099223275,"MEDIUM - SINGLE SITE","Midlands and East SHA Cluster","Acute",282.7810715,104.8948268,104.8948268,NA,100,NA,105.9578468,104.8948268,310839535.4,282781071.5,"Yes","Chelmsford",51.77452087,0.464116216
"RFR","THE ROTHERHAM NHS FOUNDATION TRUST","North",1.027203195,"SMALL - SINGLE SITE","North SHA Cluster","Acute",216.6455095,104.9272888,104.9272888,NA,100,NA,99.71937948,104.9272888,222538959.7,216645509.5,"Yes","Rotherham",53.41400909,-1.343993425
"RAE","BRADFORD TEACHING HOSPITALS NHS FOUNDATION TRUST","North",1.033692279,"MEDIUM - MULTI SITE","North SHA Cluster","Acute",311.5555739,105.2179772,105.2179772,NA,100,NA,100.3480857,105.2179772,322052591.1,311555573.9,"Yes","Bradford",53.8057251,-1.794956326
"RVY","SOUTHPORT AND ORMSKIRK HOSPITAL NHS TRUST","North",1.036064016,"SMALL - MULTI SITE","North SHA Cluster","Acute",177.6759716,105.3657604,105.3657604,NA,100,NA,101.0797911,105.3657604,184083680.8,177675971.6,"Yes","Southport",53.63291168,-2.979896545
"RJE","UNIVERSITY HOSPITALS OF NORTH MIDLANDS NHS TRUST","Midlands and East",1.026702291,"TEACHING","Midlands and East SHA Cluster","Acute",616.1418729,105.3660973,105.3660973,NA,100,NA,99.82638132,105.3660973,632594272.7,616141872.9,"Yes","Stoke on Trent",53.00392532,-2.21601963
"RRU","LONDON AMBULANCE SERVICE NHS TRUST","London",1.196487194,"AMBULANCE","London SHA Cluster","Ambulance",243.6168168,105.4639775,105.4639775,NA,100,NA,116.867064,105.4639775,291484401.6,243616816.8,"Yes","London",51.50009537,-0.109768853
"RNN","CUMBRIA PARTNERSHIP NHS FOUNDATION TRUST","North",1.026582463,"MENTAL HEALTH","North SHA Cluster","Mental health",157.1016526,105.4942384,105.4942384,NA,100,NA,100.498965,105.4942384,161277801.4,157101652.6,"Yes","Penrith",54.66722488,-2.755012989
"RW6","PENNINE ACUTE HOSPITALS NHS TRUST","North",1.048946104,"LARGE","North SHA Cluster","Acute",524.3062099,105.5542827,105.5542827,NA,100,NA,102.1609572,105.5542827,549968956.3,524306209.9,"Yes","Manchester",53.51715469,-2.230689287
"R1D","SHROPSHIRE COMMUNITY HEALTH NHS TRUST","Midlands and East",1.032491836,"COMMUNITY","Midlands and East SHA Cluster","Community",63.23607098,105.6963948,105.6963948,NA,100,NA,101.1617711,105.6963948,65290727.03,63236070.98,"Yes","Shrewsbury",52.70661545,-2.793243408
"R1C","SOLENT NHS TRUST","South",1.092165277,"MENTAL HEALTH","South SHA Cluster","Mental health",132.9384523,105.7903116,105.7903116,NA,100,NA,106.3513486,105.7903116,145190761.5,132938452.3,"Yes","Southampton",50.92504501,-1.446469307
"RJ6","CROYDON HEALTH SERVICES NHS TRUST","London",1.204472512,"SMALL - SINGLE SITE","London SHA Cluster","Acute",216.2907695,105.926191,105.926191,NA,100,NA,117.0026584,105.926191,260516286.6,216290769.5,"Yes","Croydon",51.38859177,-0.11005576
"RQY","SOUTH WEST LONDON AND ST GEORGE'S MENTAL HEALTH NHS TRUST","London",1.200734084,"MENTAL HEALTH","London SHA Cluster","Mental health",110.9686184,105.9710143,105.9710143,NA,100,NA,116.5544624,105.9710143,133243802.3,110968618.4,"Yes","London",51.43538284,-0.168552667
"RLT","GEORGE ELIOT HOSPITAL NHS TRUST","Midlands and East",1.050735973,"SMALL - SINGLE SITE","Midlands and East SHA Cluster","Acute",124.7507886,105.9777949,105.9777949,NA,100,NA,102.6051879,105.9777949,131080141.2,124750788.6,"Yes","Nuneaton",52.51123047,-1.475390553
"RX8","YORKSHIRE AMBULANCE SERVICE NHS TRUST","North",1.040757833,"AMBULANCE","North SHA Cluster","Ambulance",159.1925442,106.1340233,106.1340233,NA,100,NA,102.2954849,106.1340233,165680887.4,159192544.2,"Yes","Wakefield",53.70875931,-1.518187404
"RE9","SOUTH TYNESIDE NHS FOUNDATION TRUST","North",1.029410844,"SMALL - SINGLE SITE","North SHA Cluster","Acute",183.0389796,106.1958981,106.1958981,NA,100,NA,101.1658064,106.1958981,188422310.4,183038979.6,"Yes","South Shields",54.97109222,-1.431346774
"RYJ","IMPERIAL COLLEGE HEALTHCARE NHS TRUST","London",1.241725096,"TEACHING","London SHA Cluster","Acute",639.4036946,106.4696078,106.4696078,NA,100,NA,119.2513174,106.4696078,793963614.4,639403694.6,"Yes","London",51.51642227,-0.17539297
"RLU","BIRMINGHAM WOMEN'S NHS FOUNDATION TRUST","Midlands and East",1.043910075,"WOMENS","Midlands and East SHA Cluster","Acute - specialist other",79.11382551,106.5097172,106.5097172,NA,100,NA,102.1332665,106.5097172,82587719.5,79113825.51,"Yes","Birmingham",52.45304489,-1.942552686
"RAT","NORTH EAST LONDON NHS FOUNDATION TRUST","London",1.172869133,"MENTAL HEALTH","London SHA Cluster","Mental health",257.7735691,106.851491,106.851491,NA,100,NA,114.5246288,106.851491,302334662.6,257773569.1,"Yes","Ilford",51.57728195,0.109920636
"RWD","UNITED LINCOLNSHIRE HOSPITALS NHS TRUST","Midlands and East",1.014164575,"MEDIUM - MULTI SITE","Midlands and East SHA Cluster","Acute",411.8539265,107.102245,107.102245,NA,100,NA,100.3926666,107.102245,417687662.4,411853926.5,"Yes","Lincoln",53.23498917,-0.524186254
"RTX","UNIVERSITY HOSPITALS OF MORECAMBE BAY NHS FOUNDATION TRUST","North",1.029325561,"MEDIUM - MULTI SITE","North SHA Cluster","Acute",281.3558188,107.2654161,107.2654161,NA,100,NA,102.0276664,107.2654161,289606735.9,281355818.8,"Yes","Kendal",54.30607605,-2.733017445
"RY2","BRIDGEWATER COMMUNITY HEALTHCARE NHS FOUNDATION TRUST","North",1.041070898,"COMMUNITY","North SHA Cluster","Community",113.3973691,107.3553841,107.3553841,NA,100,NA,103.8177503,107.3553841,118054700.9,113397369.1,"Yes","Wigan",53.52814484,-2.659170389
"RWP","WORCESTERSHIRE ACUTE HOSPITALS NHS TRUST","Midlands and East",1.037608831,"MEDIUM - MULTI SITE","Midlands and East SHA Cluster","Acute",379.0216174,107.4505792,107.4505792,NA,100,NA,103.0223487,107.4505792,393276177.2,379021617.4,"Yes","Worcester",52.1904068,-2.181330681
"RPA","MEDWAY NHS FOUNDATION TRUST","South",1.101597172,"MEDIUM - SINGLE SITE","South SHA Cluster","Acute",238.36991,107.4940273,107.4940273,NA,100,NA,109.2943242,107.4940273,262587618.7,238369910,"Yes","Gillingham",51.37805557,0.541918576
"RCU","SHEFFIELD CHILDREN'S NHS FOUNDATION TRUST","North",1.0327153,"CHILDREN","North SHA Cluster","Acute - specialist children",126.5639991,107.6417482,107.6417482,NA,100,NA,101.2797493,107.6417482,130704578.3,126563999.1,"Yes","Sheffield",53.379673,-1.491842508
"RLQ","WYE VALLEY NHS TRUST","Midlands and East",1.024519472,"SMALL - SINGLE SITE","Midlands and East SHA Cluster","Acute",152.7251091,107.6640151,107.6640151,NA,100,NA,102.2804576,107.6640151,156469848.1,152725109.1,"Yes","Hereford",52.0562706,-2.705828905
"RA4","YEOVIL DISTRICT HOSPITAL NHS FOUNDATION TRUST","South",1.035644077,"SMALL - SINGLE SITE","South SHA Cluster","Acute",114.6438553,107.6823972,107.6823972,NA,100,NA,102.9183313,107.6823972,118730229.7,114643855.3,"Yes","Yeovil",50.94441605,-2.634763718
"RBS","ALDER HEY CHILDREN'S NHS FOUNDATION TRUST","North",1.039862899,"CHILDREN","North SHA Cluster","Acute - specialist children",148.9357543,107.9398456,107.9398456,NA,100,NA,101.8301306,107.9398456,154872765.2,148935754.3,"Yes","Liverpool",53.42052078,-2.898262501
"RL1","THE ROBERT JONES AND AGNES HUNT ORTHOPAEDIC HOSPITAL NHS FOUNDATION TRUST","Midlands and East",1.031615254,"ORTHOPAEDICS","Midlands and East SHA Cluster","Acute - specialist other",56.08322975,107.9689724,107.9689724,NA,100,NA,103.5280986,107.9689724,57856315.29,56083229.75,"Yes","Oswestry",52.88366699,-3.032762051
"RKE","THE WHITTINGTON HOSPITAL NHS TRUST","London",1.213371117,"SMALL - SINGLE SITE","London SHA Cluster","Acute",222.2623484,108.0821459,108.0821459,NA,100,NA,120.3160324,108.0821459,269686713.9,222262348.4,"Yes","London",51.56620407,-0.138771683
"RV5","SOUTH LONDON AND MAUDSLEY NHS FOUNDATION TRUST","London",1.19447818,"MENTAL HEALTH","London SHA Cluster","Mental health",226.9164751,108.219283,108.219283,NA,100,NA,118.7005133,108.219283,271046778.2,226916475.1,"Yes","London",51.46834183,-0.092364252
"RVJ","NORTH BRISTOL NHS TRUST","South",1.078463822,"LARGE","South SHA Cluster","Acute",438.1741952,108.4690418,108.4690418,NA,100,NA,107.5441685,108.4690418,472555017.4,438174195.2,"Yes","Bristol",51.49617767,-2.522838593
"RK5","SHERWOOD FOREST HOSPITALS NHS FOUNDATION TRUST","Midlands and East",1.031436051,"MEDIUM - MULTI SITE","Midlands and East SHA Cluster","Acute",261.2778167,108.7782004,108.7782004,NA,100,NA,103.7287926,108.7782004,269491359.5,261277816.7,"Yes","Sutton-In-Ashfield",53.13382721,-1.239154339
"RQQ","HINCHINGBROOKE HEALTH CARE NHS TRUST","Midlands and East",1.079694492,"SMALL - SINGLE SITE","Midlands and East SHA Cluster","Acute",100.8864719,109.074494,109.074494,NA,100,NA,108.7540785,109.074494,108926568,100886471.9,"Yes","Huntingdon",52.33332062,-0.203604609
"R1K","LONDON NORTH WEST HEALTHCARE NHS TRUST","London",1.195876177,"LARGE","London SHA Cluster","Acute",523.7480694,109.3304601,109.3304601,NA,100,NA,119.7801906,109.3304601,626337839.2,523748069.4,"Yes",NA,NA,NA
"RRV","UNIVERSITY COLLEGE LONDON HOSPITALS NHS FOUNDATION TRUST","London",1.297607211,"TEACHING","London SHA Cluster","Acute",542.151199,109.9959102,109.9959102,NA,100,NA,128.1485112,109.9959102,703499305.4,542151199,"Yes","London",51.52571869,-0.137539893
"RET","THE WALTON CENTRE NHS FOUNDATION TRUST","North",1.040336815,"NEURO","North SHA Cluster","Acute - specialist other",77.23339565,110.0755787,110.0755787,NA,100,NA,104.5355753,110.0755787,80348744.83,77233395.65,"Yes","Liverpool",53.4661026,-2.932364702
"RWV","DEVON PARTNERSHIP NHS TRUST","South",1.016536313,"MENTAL HEALTH","South SHA Cluster","Mental health",98.87526662,110.2382597,110.2382597,NA,100,NA,103.5179292,110.2382597,100510299,98875266.62,"Yes","Exeter",50.71518326,-3.507042408
"RGM","PAPWORTH HOSPITAL NHS FOUNDATION TRUST","Midlands and East",1.080170566,"HEART","Midlands and East SHA Cluster","Acute - specialist other",118.5346636,110.5679829,110.5679829,NA,100,NA,108.3807147,110.5679829,128037654.8,118534663.6,"Yes","Cambridge",52.24833679,-0.116214648
"RJN","EAST CHESHIRE NHS TRUST","North",1.049340134,"SMALL - SINGLE SITE","North SHA Cluster","Acute",159.8440675,110.8858828,110.8858828,NA,100,NA,107.6281606,110.8858828,167730795.3,159844067.5,"Yes","Macclesfield",53.2620163,-2.142362833
"RP4","GREAT ORMOND STREET HOSPITAL FOR CHILDREN NHS FOUNDATION TRUST","London",1.285830567,"CHILDREN","London SHA Cluster","Acute - specialist children",207.4714322,110.888144,110.888144,NA,100,NA,122.1428781,110.888144,266773109.3,207471432.2,"Yes","London",51.52185059,-0.120400071
"RY8","DERBYSHIRE COMMUNITY HEALTH SERVICES NHS FOUNDATION TRUST","Midlands and East",1.032054624,"COMMUNITY","Midlands and East SHA Cluster","Community",122.9745631,110.9097487,110.9097487,NA,100,NA,106.8667535,110.9097487,126916466.6,122974563.1,"Yes","Bakewell",53.21850967,-1.67346561
"RJ1","GUY'S AND ST THOMAS' NHS FOUNDATION TRUST","London",1.27702912,"TEACHING","London SHA Cluster","Acute",768.9800686,111.2213509,111.2213509,NA,100,NA,128.054218,111.2213509,982009940.7,768980068.6,"Yes","London",51.50426102,-0.089423448
"RJZ","KING'S COLLEGE HOSPITAL NHS FOUNDATION TRUST","London",1.213226459,"TEACHING","London SHA Cluster","Acute",795.5351206,111.2961118,111.2961118,NA,100,NA,122.5837539,111.2961118,965164257.7,795535120.6,"Yes","London",51.46834183,-0.092364252
"RPY","THE ROYAL MARSDEN NHS FOUNDATION TRUST","London",1.213737079,"CANCER","London SHA Cluster","Acute - specialist other",191.1063527,111.636841,111.636841,NA,100,NA,123.2629612,111.636841,231952866.4,191106352.7,"Yes","London",51.49031448,-0.17355451
"RJ8","CORNWALL PARTNERSHIP NHS FOUNDATION TRUST","South",1,"MENTAL HEALTH","South SHA Cluster","Mental health",68.38721954,112.2148419,112.2148419,NA,100,NA,103.8955137,112.2148419,68387219.54,68387219.54,"Yes","Bodmin",50.46792603,-4.736453056
"RW3","CENTRAL MANCHESTER UNIVERSITY HOSPITALS NHS FOUNDATION TRUST","North",1.056800799,"TEACHING","North SHA Cluster","Acute",716.484235,112.3156225,112.3156225,NA,100,NA,108.7602941,112.3156225,757181111.9,716484235,"Yes","Manchester",53.46053696,-2.225863695
"RBV","THE CHRISTIE NHS FOUNDATION TRUST","North",1.066837233,"CANCER","North SHA Cluster","Acute - specialist other",168.7110717,112.5009686,112.5009686,NA,100,NA,110.5743256,112.5009686,179987252.9,168711071.7,"Yes","Manchester",53.42906952,-2.230211735
"R1E","STAFFORDSHIRE AND STOKE ON TRENT PARTNERSHIP NHS TRUST","Midlands and East",1.032675357,"COMMUNITY","Midlands and East SHA Cluster","Community",168.145247,113.2097385,113.2097385,NA,100,NA,109.3168581,113.2097385,173639453,168145247,"Yes","Newcastle-under-Lyme",53.00929642,-2.227969408
"RRK","UNIVERSITY HOSPITALS BIRMINGHAM NHS FOUNDATION TRUST","Midlands and East",1.044865463,"TEACHING","Midlands and East SHA Cluster","Acute",580.2950212,113.2580046,113.2580046,NA,100,NA,108.5322803,113.2580046,606330226,580295021.2,"Yes","Birmingham",52.45304108,-1.936666608
"RTQ","2GETHER NHS FOUNDATION TRUST","South",1.06069684,"MENTAL HEALTH","South SHA Cluster","Mental health",78.02552843,114.0005656,114.0005656,NA,100,NA,111.9040035,114.0005656,82761431.42,78025528.43,"Yes","Gloucester",51.86033249,-2.245343208
"RH5","SOMERSET PARTNERSHIP NHS FOUNDATION TRUST","South",1.035665668,"MENTAL HEALTH","South SHA Cluster","Mental health",136.3345335,114.1676429,114.1676429,NA,100,NA,110.0901749,114.1676429,141196995.7,136334533.5,"Yes","Bridgwater",51.14782715,-2.994965315
"RBZ","NORTHERN DEVON HEALTHCARE NHS TRUST","South",1.019398159,"SMALL - SINGLE SITE","South SHA Cluster","Acute",209.3361132,114.3560546,114.3560546,NA,100,NA,108.9241285,114.3560546,213396848.5,209336113.2,"Yes","Barnstaple",51.09178925,-4.051914692
"RVN","AVON AND WILTSHIRE MENTAL HEALTH PARTNERSHIP NHS TRUST","South",1.074718916,"MENTAL HEALTH","South SHA Cluster","Mental health",162.8894496,114.7687694,114.7687694,NA,100,NA,113.7618759,114.7687694,175060372.7,162889449.6,"Yes","Chippenham",51.46762085,-2.10934639
"RRJ","THE ROYAL ORTHOPAEDIC HOSPITAL NHS FOUNDATION TRUST","Midlands and East",1.044480069,"ORTHOPAEDICS","Midlands and East SHA Cluster","Acute - specialist other",70.59425596,114.8231705,114.8231705,NA,100,NA,111.1721696,114.8231705,73734293.34,70594255.96,"Yes","Birmingham",52.42068863,-1.961710215
"RT3","ROYAL BROMPTON & HAREFIELD NHS FOUNDATION TRUST","London",1.253195153,"HEART","London SHA Cluster","Acute - specialist other",225.7373996,116.0613814,116.0613814,NA,100,NA,128.5273562,116.0613814,282893015,225737399.6,"Yes","London",51.48939514,-0.17215088
"RGD","LEEDS AND YORK PARTNERSHIP NHS FOUNDATION TRUST","North",1.040120908,"MENTAL HEALTH","North SHA Cluster","Mental health",115.3218957,116.1880026,116.1880026,NA,100,NA,111.5625571,116.1880026,119948714.9,115321895.7,"Yes","Leeds",53.79644394,-1.427613139
"RNL","NORTH CUMBRIA UNIVERSITY HOSPITALS NHS TRUST","North",1.028605511,"MEDIUM - MULTI SITE","North SHA Cluster","Acute",249.3596294,117.351814,117.351814,NA,100,NA,111.5763448,117.351814,256492689,249359629.4,"Yes","Whitehaven",54.53005981,-3.563772917
"RW5","LANCASHIRE CARE NHS FOUNDATION TRUST","North",1.031350768,"MENTAL HEALTH","North SHA Cluster","Mental health",254.3568038,118.5876081,118.5876081,NA,100,NA,113.2347958,118.5876081,262331084.9,254356803.8,"Yes","Preston",53.71880722,-2.63941884
"RX4","NORTHUMBERLAND, TYNE AND WEAR NHS FOUNDATION TRUST","North",1.029391412,"MENTAL HEALTH","North SHA Cluster","Mental health",220.5838791,129.623097,129.623097,NA,100,NA,123.8070187,129.623097,227067150.9,220583879.1,"Yes","Newcastle Upon Tyne",55.00602341,-1.635668159
"TAH","SHEFFIELD HEALTH & SOCIAL CARE NHS FOUNDATION TRUST","North",1.030500094,"MENTAL HEALTH","North SHA Cluster","Mental health",63.43178175,130.6459188,130.6459188,NA,100,NA,124.6412866,130.6459188,65366457.08,63431781.75,"Yes","Sheffield",53.36368179,-1.538616776
"RAN","ROYAL NATIONAL ORTHOPAEDIC HOSPITAL NHS TRUST","London",1.179950881,"ORTHOPAEDICS","London SHA Cluster","Acute - specialist other",95.70194074,134.1499675,134.1499675,NA,100,NA,143.4121127,134.1499675,112923589.3,95701940.74,"Yes","Stanmore",51.6308136,-0.308073044
"TAF","CAMDEN AND ISLINGTON NHS FOUNDATION TRUST","London",1.223227269,"MENTAL HEALTH","London SHA Cluster","Mental health",73.74009789,135.9997905,135.9997905,NA,100,NA,153.0867828,135.9997905,90200898.56,73740097.89,"Yes","London",51.53643417,-0.132776707
